UP914294,C2907F
UP861532,C2407S
UP823565,C2753S
UP903024,C0580S
UP890112,C0056S
UP898807,C0056S
UP894248,C0580S
UP885638,C0580S
UP918897,C2686S
UP899670,C0580S
UP879016,C0058S
UP903749,C2515S
UP853640,C0580S
UP879792,C0968S
UP911248,C0580S
UP852632,C0580S
UP896129,C0056S
UP896522,C0056S
UP904274,C0968S
UP786997,C0580S
UP892802,C0056S
UP859011,C0056S
UP906558,C0968S
UP899590,C0056S
UP889823,C0056S
UP900337,C0580S
UP881056,C0056S
UP783374,C0058S
UP907723,C0580S
UP890294,C0968S
UP804697,C0580S
UP916909,C0968S
UP876210,C0580S
UP855877,C0968S
UP897561,C0056S
UP825571,C0056S
UP898707,C0056S
UP669442,C0968S
UP904935,C0056S
UP896106,C0056S
UP816963,C0058S
UP893940,C0056S
UP891973,C0968S
UP845706,C0580S
UP891556,C0580S
UP902949,C0058S
UP890760,C0056S
UP901242,C2515S
UP885121,C0056S
UP915976,C0580S
UP900418,C0058S
UP885140,C0056S
UP919983,C2686S
UP865658,C0058S
UP883442,C0056S
UP886833,C0058S
UP898888,C0580S
UP859054,C0056S
UP901100,C0058S
UP908456,C2515S
UP895502,C0056S
UP861334,C2515S
UP902059,C0056S
UP905851,C0968S
UP833998,C0580S
UP895249,C2515S
UP894039,C0056S
UP893748,C0968S
UP902377,C0056S
UP888495,C0056S
UP905970,C0056S
UP889557,C0056S
UP893788,C0056S
UP885571,C0056S
UP900993,C0056S
UP899549,C0968S
UP878921,C0056S
UP903492,C0056S
UP909201,C0968S
UP885188,C0968S
UP850149,C0056S
UP896088,C0056S
UP896900,C0056S
UP896287,C0056S
UP904254,C0968S
UP905352,C2515S
UP892655,C0056S
UP899044,C0580S
UP889518,C0580S
UP900264,C0056S
UP880665,C0056S
UP905969,C0580S
UP886790,C0056S
UP919029,C0056S
UP800002,C0968S
UP916282,C2686S
UP866825,C0056S
UP855611,C0580S
UP897167,C2686S
UP773284,C0580S
UP898126,C0968S
UP888193,C0580S
UP904825,C0056S
UP896030,C0058S
UP816296,C0058S
UP893929,C0056S
UP891226,C0056S
UP884575,C0056S
UP893057,C2515S
UP896435,C0580S
UP887818,C0968S
UP901597,C0058S
UP890098,C0058S
UP900947,C0056S
UP884815,C0056S
UP914354,C0056S
UP899908,C0058S
UP901838,C0056S
UP918906,C0058S
UP854076,C0056S
UP902229,C0056S
UP881046,C0968S
UP898862,C0056S
UP917251,C0056S
UP857429,C0580S
UP899929,C0056S
UP892093,C0580S
UP881340,C0056S
UP905446,C0056S
UP827531,C0056S
UP895221,C0056S
UP893573,C0968S
UP892405,C0056S
UP902236,C0968S
UP888395,C0056S
UP893327,C0056S
UP888470,C0968S
UP890493,C0056S
UP885480,C0968S
UP898782,C0968S
UP899526,C0056S
UP878283,C0056S
UP902046,C0580S
UP918383,C2686S
UP909132,C0056S
UP882487,C0056S
UP849028,C0968S
UP895989,C0056S
UP896020,C0056S
UP900426,C0056S
UP904082,C0056S
UP902282,C0968S
UP905008,C0580S
UP898069,C0056S
UP896763,C0056S
UP887875,C0056S
UP900217,C0968S
UP885355,C0056S
UP880140,C0968S
UP903981,C0968S
UP885417,C0056S
UP905276,C0056S
UP915469,C0056S
UP855232,C0056S
UP896919,C2515S
UP734426,C0580S
UP897828,C0968S
UP911168,C2515S
UP904749,C0056S
UP893324,C0968S
UP815963,C0056S
UP893572,C0056S
UP891153,C0968S
UP894455,C0056S
UP880004,C0056S
UP901407,C0056S
UP890097,C0056S
UP900750,C0058S
UP883852,C0056S
UP913045,C0580S
UP898548,C0056S
UP700478,C2187S
UP896391,C0056S
UP918289,C2686S
UP849245,C0968S
UP879542,C0056S
UP898356,C0058S
UP904949,C0056S
UP850730,C0580S
UP899251,C0056S
UP881292,C0056S
UP897821,C0968S
UP905189,C0968S
UP822200,C0580S
UP880589,C0580S
UP894923,C0056S
UP892527,C0056S
UP901155,C0056S
UP904277,C0056S
UP891884,C0056S
UP902165,C0058S
UP886526,C0056S
UP867587,C0056S
UP861737,C0580S
UP888588,C0056S
UP884825,C0058S
UP897830,C0058S
UP899413,C0056S
UP873521,C0058S
UP901354,C0580S
UP918968,C0056S
UP908042,C0056S
UP881889,C0058S
UP846201,C0056S
UP895937,C0056S
UP895766,C0056S
UP862031,C2515S
UP904007,C0968S
UP900263,C0056S
UP896145,C0056S
UP887192,C0968S
UP899999,C0056S
UP879811,C0056S
UP903868,C0580S
UP885261,C0058S
UP901476,C0056S
UP914732,C0580S
UP854931,C0056S
UP896605,C0580S
UP886096,C0056S
UP896958,C0968S
UP901126,C0056S
UP919739,C0056S
UP904731,C0056S
UP891439,C0056S
UP811440,C0056S
UP893038,C0056S
UP890986,C0056S
UP900479,C0056S
UP890078,C0580S
UP900424,C0580S
UP882734,C0056S
UP900921,C2686S
UP912255,C2907F
UP892538,C0058S
UP891350,C0056S
UP917725,C0056S
UP866214,C0580S
UP897905,C0968S
UP887062,C0056S
UP847948,C0968S
UP899244,C0056S
UP877281,C0056S
UP887397,C0056S
UP904965,C0968S
UP900419,C0058S
UP821488,C0058S
UP894547,C0056S
UP892525,C0056S
UP877496,C0056S
UP900939,C0968S
UP904234,C0058S
UP891768,C0056S
UP901378,C0056S
UP885709,C0056S
UP908383,C0580S
UP901253,C0968S
UP882836,C0056S
UP884392,C0056S
UP891791,C0580S
UP899210,C2686S
UP870699,C0056S
UP901347,C0058S
UP894808,C0056S
UP905968,C0968S
UP841394,C0968S
UP895885,C0968S
UP895338,C0056S
UP828846,C0056S
UP890233,C0968S
UP885013,C0056S
UP850702,C0056S
UP899924,C0056S
UP894818,C0056S
UP885640,C0056S
UP899802,C0056S
UP879591,C0580S
UP903809,C0580S
UP883548,C0580S
UP883527,C0056S
UP858234,C0056S
UP912289,C0056S
UP853008,C0056S
UP896450,C0058S
UP885642,C0058S
UP896692,C0056S
UP880828,C0056S
UP845480,C0056S
UP904528,C0580S
UP803453,C0580S
UP892865,C0056S
UP894881,C0056S
UP900306,C0056S
UP889961,C0058S
UP900420,C0056S
UP881791,C0056S
UP879816,C0056S
UP909528,C0056S
UP891651,C0056S
UP900822,C0580S
UP852640,C0056S
UP917565,C0056S
UP859505,C0056S
UP897812,C0968S
UP845111,C2515S
UP898793,C0056S
UP837345,C0580S
UP904956,C0056S
UP900360,C0056S
UP819886,C0058S
UP894078,C0056S
UP892483,C0056S
UP896102,C0580S
UP903466,C0056S
UP891550,C0056S
UP901333,C0056S
UP885516,C0580S
UP917082,C0968S
UP904088,C0580S
UP889658,C2515S
UP867388,C0056S
UP883976,C0056S
UP890481,C0056S
UP899161,C0056S
UP869994,C0968S
UP901212,C0056S
UP864663,C0056S
UP911946,C0056S
UP905966,C0056S
UP839664,C0056S
UP895793,C0056S
UP895059,C0056S
UP898860,C0056S
UP901482,C2753S
UP882732,C2753S
UP896242,C2753S
UP914470,C2753S
UP894074,C2686S
UP895129,C2753S
UP904981,C2753S
UP901325,C2753S
UP901761,C2753S
UP890831,C2753S
UP881422,C2753S
UP886472,C2515S
UP891330,C2753S
UP902376,C2753S
UP891155,C2753S
UP886226,C2753S
UP898334,C0056S
UP898147,C2753S
UP885000,C0056S
UP897663,C2753S
UP880932,C2753S
UP899226,C2753S
UP901720,C2753S
UP895563,C0056S
UP889519,C2753S
UP910486,C2753S
UP889369,C2753S
UP898158,C2753S
UP900133,C2753S
UP879907,C2407S
UP876955,C2515S
UP867930,C2753S
UP902795,C2753S
UP917523,C2753S
UP844808,C2753S
UP889780,C2753S
UP885799,C2753S
UP889198,C2753S
UP889549,C2753S
UP896779,C2753S
UP893522,C2753S
UP744872,C2407S
UP890342,C2753S
UP900758,C2753S
UP886960,C2753S
UP898927,C0056S
UP890420,C2753S
UP891492,C2753S
UP912346,C2753S
UP884253,C2753S
UP905099,C2753S
UP881739,C2753S
UP889767,C2753S
UP898978,C2753S
UP888808,C2753S
UP880083,C0968S
UP911829,C2753S
UP888489,C2753S
UP890197,C0056S
UP885800,C2753S
UP859864,C2407S
UP891290,C0968S
UP899536,C2753S
UP897298,C2753S
UP880942,C2753S
UP894551,C2753S
UP902133,C2753S
UP860785,C2753S
UP906651,C0580S
UP880076,C0968S
UP898088,C2753S
UP904803,C2753S
UP890913,C2753S
UP898668,C2753S
UP889758,C2753S
UP883604,C2753S
UP879911,C0056S
UP901048,C2753S
UP888009,C2753S
UP847232,C2515S
UP893263,C2753S
UP907014,C2753S
UP881929,C2753S
UP897219,C2753S
UP898813,C0056S
UP891185,C2753S
UP911732,C2753S
UP918296,C2753S
UP811706,C2753S
UP900804,C2753S
UP342601,C2407S
UP881706,C2753S
UP891906,C2753S
UP883805,C2753S
UP898705,C2753S
UP904594,C2753S
UP912467,C2753S
UP902831,C2753S
UP896378,C2753S
UP904000,C2753S
UP903467,C0056S
UP889335,C0580S
UP879821,C0056S
UP901022,C2753S
UP879102,C0580S
UP882151,C0056S
UP809779,C2407S
UP865251,C0056S
UP872417,C2515S
UP914181,C2753S
UP852274,C0056S
UP855020,C0580S
UP857132,C0056S
UP854286,C0056S
UP895823,C0580S
UP861507,C0968S
UP866388,C0056S
UP852683,C0056S
UP864115,C0580S
UP863564,C0056S
UP853917,C0580S
UP876126,C0056S
UP788794,C0056S
UP822718,C2407S
UP814446,C2515S
UP863024,C0968S
UP879195,C0580S
UP788777,C0056S
UP821229,C2187S
UP861103,C0058S
UP879244,C0580S
UP745695,C0968S
UP837518,C2407S
UP877962,C0056S
UP866774,C0056S
UP839653,C0056S
UP877426,C0056S
UP864756,C0056S
UP852140,C2515S
UP814734,C0968S
UP856232,C0056S
UP860621,C2753S
UP853301,C0580S
UP875892,C2515S
UP857172,C0056S
UP881228,C2515S
UP787827,C0056S
UP871672,C0056S
UP813609,C0580S
UP851097,C0580S
UP861063,C0968S
UP849868,C2515S
UP820935,C2515S
UP859037,C0968S
UP824426,C0056S
UP880264,C0056S
UP869373,C0056S
UP861708,C2515S
UP831162,C2753S
UP863457,C0056S
UP849492,C0968S
UP853829,C0056S
UP913796,C0056S
UP855751,C0056S
UP852982,C0056S
UP875166,C2515S
UP858871,C0056S
UP781439,C0580S
UP859036,C2515S
UP808096,C0968S
UP799763,C0056S
UP857995,C0968S
UP814746,C0580S
UP858239,C0056S
UP821535,C2515S
UP850874,C0056S
UP814660,C0056S
UP864317,C2515S
UP852468,C0056S
UP878891,C0968S
UP828398,C0056S
UP863102,C0968S
UP849104,C2407S
UP880268,C0056S
UP848130,C0056S
UP848800,C0580S
UP872640,C0056S
UP866937,C0056S
UP745708,C2515S
UP455249,C0056S
UP912872,C0056S
UP830465,C0968S
UP840877,C0580S
UP777815,C2515S
UP857074,C0968S
UP878103,C0580S
UP812595,C0968S
UP855349,C0580S
UP879148,C0056S
UP867907,C0056S
UP817903,C0056S
UP774128,C0056S
UP770553,C0580S
UP864260,C0580S
UP857315,C0058S
UP828046,C0580S
UP862504,C0968S
UP847670,C0056S
UP879196,C2515S
UP844096,C0968S
UP867692,C0968S
UP861332,C0968S
UP855834,C0968S
UP869868,C0056S
UP879385,C0968S
UP874971,C0056S
UP879348,C0580S
UP855231,C0056S
UP876586,C0058S
UP793414,C0056S
UP854995,C0968S
UP847988,C0056S
UP861389,C2515S
UP817852,C0058S
UP864163,C0968S
UP857956,C0056S
UP827443,C0968S
UP861333,C0968S
UP825066,C2515S
UP841105,C0056S
UP879064,C0056S
UP857256,C0968S
UP843827,C0968S
UP867238,C0056S
UP854986,C0056S
UP866877,C0056S
UP818467,C0056S
UP877101,C0056S
UP862490,C0968S
UP750834,C0968S
UP864164,C0056S
UP856990,C0056S
UP873711,C0056S
UP847126,C0968S
UP822472,C0056S
UP776681,C0056S
UP828826,C0056S
UP834942,C0580S
UP863207,C0968S
UP442366,C2515S
UP879389,C0056S
UP854565,C0056S
UP850844,C0056S
UP841221,C2515S
UP864522,C0056S
UP861233,C2407S
UP849212,C0968S
UP839804,C0056S
UP861536,C0056S
UP821837,C2515S
UP769662,C0056S
UP820734,C0056S
UP806612,C2515S
UP852747,C2515S
UP918156,C0056S
UP840095,C0968S
UP863243,C0056S
UP864461,C0968S
UP862985,C0056S
UP848710,C0056S
UP851556,C0968S
UP816423,C2515S
UP879340,C2187S
UP767896,C0056S
UP827158,C0056S
UP867040,C0056S
UP818044,C2515S
UP831038,C0056S
UP853434,C0968S
UP839921,C0056S
UP858771,C0056S
UP860271,C0056S
UP848544,C0056S
UP787839,C0056S
UP850579,C2515S
UP777611,C0968S
UP820264,C0580S
UP817694,C0056S
UP825573,C0056S
UP865672,C0056S
UP811334,C0056S
UP779866,C0056S
UP879043,C0056S
UP851229,C0580S
UP847110,C0056S
UP812191,C0968S
UP878976,C0968S
UP743562,C0968S
UP880323,C2515S
UP819204,C0056S
UP879045,C2515S
UP865096,C0056S
UP867313,C2515S
UP853094,C0056S
UP826368,C2515S
UP879905,C0968S
UP866263,C0056S
UP820449,C0968S
UP840343,C0056S
UP835351,C0056S
UP861808,C0968S
UP800640,C0056S
UP854443,C0056S
UP836734,C0056S
UP872662,C0056S
UP866467,C0056S
UP864910,C0580S
UP860438,C0580S
UP820612,C0580S
UP846178,C0058S
UP879071,C0058S
UP825956,C0058S
UP812658,C2753S
UP839835,C2753S
UP851393,C0580S
UP840463,C0580S
UP841954,C0580S
UP786234,C0058S
UP861358,C0058S
UP909308,C0058S
UP775110,C0580S
UP860713,C0058S
UP863904,C0580S
UP843749,C0580S
UP776935,C0058S
UP868468,C0058S
UP846831,C2753S
UP815208,C2407S
UP865399,C0058S
UP865179,C0058S
UP863368,C0580S
UP852981,C0058S
UP820657,C0058S
UP721201,C0058S
UP818956,C0058S
UP828143,C0058S
UP823878,C0580S
UP849800,C0580S
UP746698,C0058S
UP857778,C0580S
UP861144,C2753S
UP780968,C0580S
UP779845,C2753S
UP857773,C0058S
UP809224,C0580S
UP866235,C0058S
UP814818,C0058S
UP712621,C0058S
UP812220,C0580S
UP806414,C0580S
UP837324,C0058S
UP857128,C0580S
UP875095,C0580S
UP857372,C0580S
UP866389,C0058S
UP867207,C0580S
UP868623,C0058S
UP879248,C0580S
UP792601,C0058S
UP732465,C0058S
UP784374,C0058S
UP836942,C0058S
UP853109,C0580S
UP856279,C0580S
UP856551,C0058S
UP865955,C0058S
UP854052,C0058S
UP803747,C0058S
UP829347,C2753S
UP846086,C0058S
UP781277,C0580S
UP878060,C2753S
UP817474,C2753S
UP909936,C0056S
UP789201,C2753S
UP862233,C0056S
UP818360,C2753S
UP815342,C2753S
UP823120,C2407S
UP854405,C0056S
UP854671,C0058S
UP693624,C0058S
UP876675,C0058S
UP858103,C0058S
UP872243,C0058S
UP715606,C0058S
UP788466,C0058S
UP840983,C0058S
UP800217,C0058S
UP822876,C0056S
UP806905,C2407S
UP823837,C0056S
UP817277,C0056S
UP780468,C0968S
UP814632,C0056S
UP780016,C0056S
UP822906,C0056S
UP778465,C0056S
UP719920,C2515S
UP818046,C0056S
UP758327,C0056S
UP804960,C0056S
UP840212,C0056S
UP794190,C0056S
UP836597,C0056S
UP499626,C0056S
UP771781,C0056S
UP811828,C2515S
UP772629,C0056S
UP780461,C0056S
UP873142,C0056S
UP783570,C0056S
UP878483,C0056S
UP810066,C0056S
UP777205,C0056S
UP815386,C0056S
UP802983,C0056S
UP815459,C0056S
UP773015,C0056S
UP735437,C0056S
UP789464,C0056S
UP823183,C0056S
UP716153,C0056S
UP763734,C0056S
UP811216,C0056S
UP746454,C0056S
UP781212,C0056S
UP824197,C0056S
UP824217,C0056S
UP806693,C0056S
UP773229,C2515S
UP773455,C0056S
UP752594,C0056S
UP767408,C0056S
UP735353,C0056S
UP788458,C0056S
UP796972,C0056S
UP790487,C0056S
UP821692,C0056S
UP757155,C0056S
UP795479,C0056S
UP806925,C0056S
UP771041,C0056S
UP818681,C0056S
UP820346,C0056S
UP828586,C0056S
UP770117,C0056S
UP766290,C2515S
UP788089,C0056S
UP785786,C0056S
UP839654,C0056S
UP790070,C0056S
UP822603,C0056S
UP780065,C0056S
UP820471,C0056S
UP691978,C0056S
UP781064,C0056S
UP804546,C0056S
UP745497,C0056S
UP815458,C0056S
UP819025,C2515S
UP805717,C0056S
UP789486,C0056S
UP784007,C0056S
UP839207,C0056S
UP783675,C0056S
UP820915,C0056S
UP777835,C0056S
UP808703,C0056S
UP811402,C0056S
UP769598,C0056S
UP768203,C0056S
UP800456,C0056S
UP732895,C0056S
UP777600,C2515S
UP814318,C2515S
UP773867,C0056S
UP782920,C0056S
UP743982,C0056S
UP787229,C2515S
UP811855,C0056S
UP770605,C2515S
UP719931,C0056S
UP774490,C0056S
UP795987,C2187S
UP770338,C2187S
UP784250,C0968S
UP770785,C0968S
UP774027,C2187S
UP774509,C0580S
UP776138,C2187S
UP785080,C0968S
UP778885,C2187S
UP830109,C2187S
UP762633,C0058S
UP811863,C0580S
UP811798,C0580S
UP774061,C0580S
UP761451,C0058S
UP823958,C0580S
UP776524,C2187S
UP866775,C0580S
UP741644,C2187S
UP728638,C0580S
UP813128,C0058S
UP741525,C0580S
UP813863,C0580S
UP781055,C0580S
UP799968,C0058S
UP823665,C0580S
UP781330,C0580S
UP779600,C0580S
UP872413,C0580S
UP824691,C0058S
UP815941,C0058S
UP834069,C0580S
UP809977,C0580S
UP739568,C0580S
UP872434,C0580S
UP766186,C0580S
UP822601,C0580S
UP780088,C0580S
UP915124,C0580S
UP781852,C0580S
UP812199,C0580S
UP827375,C0580S
UP894136,C0580S
UP731970,C0580S
UP739791,C0580S
UP816611,C0580S
UP910006,C0580S
UP781146,C2753S
UP783365,C0580S
UP788374,C2187S
UP819308,C0580S
UP817485,C2753S
UP714854,C0580S
UP737585,C0580S
UP771357,C2753S
UP745207,C0580S
UP780565,C0580S
UP916993,C2753S
UP824341,C0580S
UP825804,C2753S
UP782307,C0580S
UP809898,C0580S
UP814464,C0580S
UP770953,C0580S
UP700323,C0580S
UP907163,C0580S
UP659036,C0580S
UP763052,C0580S
UP777361,C0580S
UP823245,C0580S
UP809483,C0580S
UP914928,C0580S
UP767788,C0580S
UP903542,C0580S
UP912548,C0580S
UP817411,C2753S
UP823140,C0580S
UP916722,C0580S
UP894084,C2407S
UP786717,C0580S
UP721384,C0580S
UP808093,C0580S
UP759661,C0580S
UP800143,C0580S
UP836950,C0580S
UP786367,C0968S
UP797814,C0968S
UP757588,C0968S
UP766580,C0968S
UP785062,C0968S
UP918154,C0968S
UP773030,C0968S
UP839635,C0968S
UP783298,C0968S
UP796751,C0968S
UP750825,C0968S
UP774258,C0968S
UP834615,C0968S
UP769765,C0968S
UP793946,C0968S
UP800798,C0968S
UP790532,C0968S
UP744280,C0968S
UP817807,C0968S
UP769535,C0968S
UP782656,C0968S
UP780104,C0968S
UP787321,C0968S
UP743299,C0968S
UP768288,C0968S
UP918164,C0968S
UP781587,C0968S
UP780068,C0968S
UP728050,C0968S
UP744526,C0968S
UP775061,C0968S
UP913684,C0968S
UP778558,C0968S
UP824697,C0968S
UP813258,C0056S
UP809662,C0056S
UP772660,C0056S
UP780836,C2907F
UP890385,C0058S
UP879638,C0058S
UP896137,C0058S
UP848777,C0058S
UP862482,C2187S
UP900041,C0058S
UP883044,C2365S
UP875354,C2365S
UP893303,C2365S
UP825932,C2365S
UP898810,C2365S
UP871635,C2365S
UP891880,C2365S
UP915028,C2365S
UP891990,C2365S
UP866212,C2365S
UP905192,C2365S
UP898078,C2365S
UP891769,C2365S
UP902895,C2365S
UP865524,C2365S
UP905943,C2365S
UP888582,C2365S
UP897883,C2365S
UP889211,C2365S
UP905789,C2365S
UP900578,C2365S
UP911920,C2365S
UP861184,C2365S
UP900942,C2365S
UP865852,C2365S
UP904095,C2365S
UP889466,C2365S
UP876700,C2365S
UP866327,C2365S
UP863529,C2365S
UP861673,C2365S
UP832643,C2365S
UP870463,C2365S
UP792863,C2365S
UP851785,C2365S
UP862748,C2365S
UP859196,C2365S
UP780593,C2365S
UP866448,C2365S
UP784905,C2365S
UP839668,C2365S
UP851985,C2365S
UP858854,C2365S
UP866447,C2365S
UP778528,C2365S
UP827696,C2365S
UP850782,C2365S
UP858852,C2365S
UP839973,C2365S
UP842893,C2365S
UP866217,C2365S
UP878988,C2365S
UP719570,C2365S
UP827150,C2365S
UP858794,C2365S
UP864024,C2365S
UP879400,C2365S
UP823902,C2365S
UP915767,C2365S
UP851894,C2365S
UP879161,C2365S
UP861158,C2365S
UP916422,C2365S
UP865523,C2365S
UP860558,C2365S
UP837843,C2365S
UP863454,C2365S
UP842695,C2365S
UP673123,C2365S
UP778546,C2365S
UP816612,C2365S
UP776438,C2365S
UP741726,C2365S
UP837514,C2365S
UP815058,C2365S
UP813557,C2365S
UP780355,C2365S
UP827051,C2365S
UP807074,C2365S
UP807838,C2753S
UP815120,C2365S
UP877882,C2365S
UP784353,C2365S
UP741320,C2365S
UP800221,C2365S
UP727936,C2365S
UP837837,C2365S
UP788212,C2365S
UP818204,C2365S
UP764143,C2365S
UP823913,C2365S
UP822598,C2365S
UP803364,C2365S
UP822300,C2365S
UP778251,C2365S
UP831768,C2365S
UP818303,C2365S
UP818251,C2365S
UP826449,C2365S
UP809482,C2365S
UP740814,C2365S
UP915201,C2753S
UP909443,C2753S
UP18775,C2407S
UP906522,C2365S
UP897375,C2365S
UP883783,C2365S
UP880051,C1704F
UP919070,C1704F
UP917426,C1704F
UP917432,C1704F
UP921661,C1704F
UP917771,C1704F
UP872789,C1704F
UP911701,C1704F
UP930580,C1704F
UP921151,C1704F
UP920700,C1704F
UP929422,C1704F
UP926951,C1704F
UP908140,C1704F
UP920620,C1704F
UP938438,C1704F
UP924850,C1704F
UP873652,C1704F
UP920569,C1704F
UP922626,C1704F
UP925328,C1704F
UP849298,C1704F
UP932573,C1704F
UP919228,C1704F
UP922484,C1704F
UP925133,C1704F
UP932311,C1704F
UP834509,C1704F
UP842799,C1704F
UP782114,C1704F
UP901287,C1704F
UP880675,C1704F
UP913269,C1704F
UP732061,C1704F
UP800934,C1704F
UP778987,C2527F
UP772260,C0054F
UP812667,C0054F
UP793683,C2685F
UP824610,C0968S
UP770921,C0580S
UP811919,C0058S
UP781881,C0058S
UP776250,C0058S
UP787246,C0058S
UP767025,C0058S
UP811602,C0058S
UP807839,C0058S
UP818631,C0058S
UP727516,C0058S
UP788381,C0058S
UP781897,C0058S
UP764937,C0058S
UP805786,C0058S
UP720841,C0058S
UP715109,C0058S
UP718041,C0058S
UP840167,C0058S
UP830977,C0058S
UP907139,C0058S
UP675882,C0058S
UP732011,C0058S
UP884716,C0058S
UP700812,C0058S
UP918136,C0058S
UP762927,C1841F
UP919933,C1841F
UP896338,C2515S
UP765379,C1841F
UP917659,C1841F
UP757425,C0054F
UP919761,C0054F
UP919283,C0054F
UP773988,C0054F
UP916318,C0054F
UP741249,C0054F
UP744652,C0054F
UP919652,C0054F
UP911024,C0054F
UP920092,C0054F
UP872414,C0054F
UP908054,C0054F
UP734116,C0054F
UP778892,C0054F
UP919418,C0054F
UP910489,C0054F
UP887352,C0054F
UP872656,C0054F
UP919647,C0054F
UP912144,C0054F
UP918805,C0054F
UP785691,C0054F
UP859643,C0054F
UP685833,C0054F
UP910032,C0054F
UP667578,C0054F
UP796072,C0054F
UP775669,C0054F
UP917300,C0054F
UP893419,C2685F
UP406687,C2685F
UP781014,C1841F
UP629308,C1841F
UP912988,C1841F
UP880711,C2685F
UP774555,C2685F
UP218781,C2685F
UP907879,C1841F
UP764041,C2685F
UP915016,C1841F
UP774026,C1841F
UP906155,C1841F
UP881316,C2685F
UP768989,C2685F
UP775005,C1841F
UP906044,C2685F
UP872491,C1841F
UP830534,C2685F
UP899190,C2685F
UP909378,C2685F
UP881035,C1841F
UP829896,C0054F
UP883216,C0054F
UP878944,C0054F
UP907832,C0054F
UP910250,C1841F
UP871513,C0054F
UP873598,C0054F
UP800591,C0054F
UP912801,C0054F
UP911424,C0054F
UP773797,C0054F
UP834896,C0054F
UP778165,C0054F
UP909887,C0054F
UP877891,C0054F
UP855287,C0054F
UP911392,C0054F
UP888685,C0054F
UP772062,C0054F
UP831794,C0054F
UP838885,C0054F
UP909415,C0054F
UP875271,C0054F
UP837932,C0054F
UP911039,C0054F
UP883132,C0054F
UP770356,C0054F
UP792669,C0054F
UP835677,C0054F
UP917779,C0054F
UP773227,C0054F
UP849476,C0054F
UP775894,C0054F
UP876117,C0054F
UP776580,C1841F
UP762189,C1841F
UP835311,C0580S
UP780828,C0058S
UP791672,C0580S
UP839750,C0058S
UP808619,C2753S
UP808040,C2753S
UP816960,C2407S
UP912774,C2753S
UP880190,C2407S
UP740399,C2753S
UP476139,C2753S
UP877349,C2407S
UP841316,C2753S
UP905762,C0054F
UP782126,C0054F
UP804463,C0054F
UP813517,C0054F
UP764799,C0054F
UP918929,C0054F
UP907727,C0054F
UP837884,C0580S
UP824115,C0058S
UP898610,C0058S
UP875799,C0058S
UP785470,C2753S
UP733640,C0058S
UP775100,C2753S
UP760277,C2753S
UP892901,C2753S
UP723510,C2753S
UP607263,C0968S
UP917080,C0056S
